Cells,Differentiation,Stemness,S_D,Cell_status,weight,State,Sample_title,individual,sampling_site,count_value,Mean_TPM
SRR7008515,-0.058336571,0.2963851495,0.3547217205,Stemness,3,High_Stemness,L1_I1_LUM_E11,individual 1,luminal,3,33.97614
SRR7008516,-0.1527662005,-0.0059736011,0.1467925994,Stemness,1,Low_Stemness,L1_I1_LUM_E12,individual 1,luminal,12,29.6647188
SRR7008517,-0.0611609153,0.0965984255,0.1577593408,Stemness,2,Moderate_Stemness,L1_I1_LUM_F1,individual 1,luminal,13,26.34141415
SRR7008518,0.0183587555,0.0781894741,0.0598307186,Differentiation,3,High_Differentiation,L1_I1_LUM_F2,individual 1,luminal,11,23.2707504
SRR7008519,-0.2546912217,-0.0806649662,0.1740262555,Stemness,2,Moderate_Stemness,L1_I1_LUM_F3,individual 1,luminal,14,28.5291096667
SRR7008520,-0.1244272946,0.0258630411,0.1502903357,Stemness,2,Moderate_Stemness,L1_I1_LUM_F4,individual 1,luminal,11,16.0391206
SRR7008521,0.08202642,0.3545887522,0.2725623322,Stemness,3,High_Stemness,L1_I1_LUM_F5,individual 1,luminal,13,12.2979702
SRR7008522,-0.166737631,0.1781458635,0.3448834945,Stemness,3,High_Stemness,L1_I1_LUM_F6,individual 1,luminal,13,22.3627697
SRR7008523,-0.0202474927,0.1227575691,0.1430050618,Stemness,1,Low_Stemness,L1_I1_LUM_F7,individual 1,luminal,11,12.43699
SRR7008524,-0.0328824146,-0.0263922794,0.0064901352,Differentiation,3,High_Differentiation,L1_I1_LUM_F8,individual 1,luminal,6,26.127874
SRR7008525,-0.2531871602,0.2782841009,0.5314712611,Stemness,3,High_Stemness,L1_I1_LUM_F9,individual 1,luminal,9,127.558743
SRR7008526,0.1200322275,-0.0606108745,-0.180643102,Differentiation,1,Low_Differentiation,L1_I1_LUM_F10,individual 1,luminal,14,12.9689545
SRR7008527,0.0619204282,0.2285584445,0.1666380163,Stemness,2,Moderate_Stemness,L1_I1_LUM_F11,individual 1,luminal,12,134.1864926
SRR7008528,-0.0597706299,0.05870831,0.1184789399,Stemness,1,Low_Stemness,L1_I1_LUM_F12,individual 1,luminal,9,1.4158331643
SRR7008529,-0.0847671453,0.2579774431,0.3427445884,Stemness,3,High_Stemness,L1_I1_LUM_G1,individual 1,luminal,6,11.8442006
SRR7008530,-0.2224649619,0.1050793676,0.3275443295,Stemness,3,High_Stemness,L1_I1_LUM_G2,individual 1,luminal,7,25.7949508
SRR7008531,-0.2484681294,0.0834499069,0.3319180363,Stemness,3,High_Stemness,L1_I1_LUM_G3,individual 1,luminal,10,31.3854400667
SRR7008532,0.0382608814,0.2271599542,0.1888990728,Stemness,2,Moderate_Stemness,L1_I1_LUM_G4,individual 1,luminal,14,21.19380205
SRR7008533,-0.4381275074,-0.0520087771,0.3861187303,Stemness,3,High_Stemness,L1_I1_LUM_G5,individual 1,luminal,10,12.1200209333
SRR7008534,-0.1896159134,0.314032138,0.5036480514,Stemness,3,High_Stemness,L1_I1_LUM_G6,individual 1,luminal,9,18.3846299667
SRR7008535,0.0515388026,0.1712971827,0.1197583801,Stemness,1,Low_Stemness,L1_I1_LUM_G7,individual 1,luminal,7,15.9892732
SRR7008536,0.0523678293,0.0850942761,0.0327264468,Differentiation,3,High_Differentiation,L1_I1_LUM_G8,individual 1,luminal,10,24.082314
SRR7008537,-0.0128489517,-0.0218770325,-0.0090280808,Differentiation,3,High_Differentiation,L1_I1_LUM_G9,individual 1,luminal,11,15.0706214
SRR7008538,0.0533260511,-0.0099807328,-0.0633067839,Differentiation,2,Moderate_Differentiation,L1_I1_LUM_G10,individual 1,luminal,11,24.4067392
SRR7008539,0.082410122,0.1068729251,0.0244628031,Differentiation,3,High_Differentiation,L1_I1_LUM_G11,individual 1,luminal,11,31.6083553333
SRR7008540,0.1980222867,0.1511303527,-0.046891934,Differentiation,2,Moderate_Differentiation,L1_I1_LUM_G12,individual 1,luminal,9,19.0421647
SRR7008541,-0.0239167472,0.2505669517,0.2744836989,Stemness,3,High_Stemness,L1_I1_LUM_H1,individual 1,luminal,7,1.8053063429
SRR7008542,-0.1137595547,0.0978274095,0.2115869642,Stemness,2,Moderate_Stemness,L1_I1_LUM_H2,individual 1,luminal,13,#DIV/0!
SRR7008543,-0.0314928003,0.0520519056,0.0835447059,Stemness,1,Low_Stemness,L1_I1_LUM_H3,individual 1,luminal,10,0.8106970286
SRR7008544,-0.3425243233,-0.0343327721,0.3081915512,Stemness,3,High_Stemness,L1_I1_LUM_H4,individual 1,luminal,10,16.7125609333
SRR7008545,0.0904722495,0.0743006566,-0.0161715929,Differentiation,2,Moderate_Differentiation,L1_I1_LUM_H5,individual 1,luminal,12,2.4165707929
SRR7008546,-0.1710882785,0.1291227682,0.3002110467,Stemness,3,High_Stemness,L1_I1_LUM_H6,individual 1,luminal,8,2.0936451286
SRR7008547,0.0971982165,0.1027603026,0.0055620861,Differentiation,3,High_Differentiation,L1_I1_LUM_H7,individual 1,luminal,11,51.4094307
SRR7008548,-0.0418966764,0.1643959086,0.206292585,Stemness,2,Moderate_Stemness,L1_I1_LUM_H8,individual 1,luminal,12,17.52802505
SRR7008549,0.0714088398,0.3036610816,0.2322522418,Stemness,2,Moderate_Stemness,L1_I1_LUM_H9,individual 1,luminal,12,17.6640046
SRR7008550,0.0909012345,0.2369692891,0.1460680546,Stemness,1,Low_Stemness,L1_I1_LUM_H10,individual 1,luminal,11,12.1834689
SRR7008551,-0.2337878446,-0.2248906477,0.00889719689999999,Differentiation,3,High_Differentiation,L1_I1_LUM_H11,individual 1,luminal,1,0.2088327143
SRR7008552,-0.0515365417,0.1073155539,0.1588520956,Stemness,2,Moderate_Stemness,L1_I1_LUM_H12,individual 1,luminal,7,44.6386553
SRR7008568,-0.2721303118,-0.1484455043,0.1236848075,Stemness,1,Low_Stemness,L2_I1_LUM_B6,individual 1,luminal,0,0
SRR7008571,0.0352773824,0.2246703959,0.1893930135,Stemness,2,Moderate_Stemness,L2_I1_LUM_B9,individual 1,luminal,11,44.9702779
SRR7008572,-0.1450054833,0.1648799126,0.3098853959,Stemness,3,High_Stemness,L2_I1_LUM_B10,individual 1,luminal,0,0
SRR7008575,-0.1784485909,-0.1282290641,0.0502195268,Differentiation,3,High_Differentiation,L2_I1_LUM_C1,individual 1,luminal,6,32.9036008
SRR7008577,-0.2524176738,-0.200513734,0.0519039398,Differentiation,3,High_Differentiation,L2_I1_LUM_C3,individual 1,luminal,2,1.0866795714
SRR7008582,-0.122208088,0.056468276,0.178676364,Stemness,2,Moderate_Stemness,L2_I1_LUM_C8,individual 1,luminal,2,61.736165
SRR7008584,0.101631227,0.0559449313,-0.0456862957,Differentiation,2,Moderate_Differentiation,L2_I1_LUM_C10,individual 1,luminal,1,96.47681
SRR7008585,-0.4036533119,0.0698197947,0.4734731066,Stemness,3,High_Stemness,L2_I1_LUM_C11,individual 1,luminal,12,27.1309328
SRR7008588,-0.2007585444,0.3486490594,0.5494076038,Stemness,3,High_Stemness,L2_I1_LUM_D2,individual 1,luminal,2,17.3793546
SRR7008592,-0.1489135831,0.0403687784,0.1892823615,Stemness,2,Moderate_Stemness,L2_I1_LUM_D6,individual 1,luminal,4,14.670538
SRR7008593,-0.0488970882,0.2317080769,0.2806051651,Stemness,3,High_Stemness,L2_I1_LUM_D7,individual 1,luminal,10,21.7472412
SRR7008594,0.1604441759,0.2700042137,0.1095600378,Stemness,1,Low_Stemness,L2_I1_LUM_D8,individual 1,luminal,1,25.91277
SRR7008598,-0.2032994847,-0.2159875737,-0.012688089,Differentiation,3,High_Differentiation,L2_I1_LUM_D12,individual 1,luminal,1,0.3108976429
SRR7008599,-0.2943914854,-0.0965698675,0.1978216179,Stemness,2,Moderate_Stemness,L2_I1_LUM_E1,individual 1,luminal,2,0.7036257143
SRR7008600,-0.2212389007,-0.2989153932,-0.0776764925,Differentiation,2,Moderate_Differentiation,L2_I1_LUM_E2,individual 1,luminal,0,0
SRR7008605,-0.2878109565,-0.0810793373,0.2067316192,Stemness,2,Moderate_Stemness,L2_I1_LUM_E7,individual 1,luminal,1,109.555
SRR7008607,-0.0691426381,-0.0606549632,0.0084876749,Differentiation,3,High_Differentiation,L2_I1_LUM_E9,individual 1,luminal,7,10.968329
SRR7008608,-0.2113406507,0.3626673708,0.5740080215,Stemness,3,High_Stemness,L2_I1_LUM_E10,individual 1,luminal,7,50.9813149
SRR7008609,-0.0476284999,0.1185352678,0.1661637677,Stemness,2,Moderate_Stemness,L2_I1_LUM_E11,individual 1,luminal,13,12.9723502
SRR7008610,0.0924489515,0.0894499987,-0.0029989528,Differentiation,3,High_Differentiation,L2_I1_LUM_E12,individual 1,luminal,9,13.229757
SRR7008611,0.0105008209,0.0953377189,0.084836898,Stemness,1,Low_Stemness,L2_I1_LUM_F1,individual 1,luminal,10,39.0419219
SRR7008612,0.0372018108,0.1116599336,0.0744581228,Stemness,1,Low_Stemness,L2_I1_LUM_F2,individual 1,luminal,2,0.5440470214
SRR7008613,-0.0891879162,0.162085779,0.2512736952,Stemness,3,High_Stemness,L2_I1_LUM_F3,individual 1,luminal,14,26.3302115
SRR7008614,0.0521441082,0.2713576713,0.2192135631,Stemness,2,Moderate_Stemness,L2_I1_LUM_F4,individual 1,luminal,13,167.3998251
SRR7008615,-0.0007239169,-0.1291410895,-0.1284171726,Differentiation,2,Moderate_Differentiation,L2_I1_LUM_F5,individual 1,luminal,6,10.7832287
SRR7008616,0.0334234756,0.1262376992,0.0928142236,Stemness,1,Low_Stemness,L2_I1_LUM_F6,individual 1,luminal,5,0.8062646357
SRR7008617,-0.2186384185,0.1668625987,0.3855010172,Stemness,3,High_Stemness,L2_I1_LUM_F7,individual 1,luminal,8,15.7804827
SRR7008618,-0.0080932815,0.2088942249,0.2169875064,Stemness,2,Moderate_Stemness,L2_I1_LUM_F8,individual 1,luminal,4,16.9786079
SRR7008619,-0.1001400953,0.2773178857,0.377457981,Stemness,3,High_Stemness,L2_I1_LUM_F9,individual 1,luminal,9,13.6188729
SRR7008620,0.0287823893,0.1589138205,0.1301314312,Stemness,1,Low_Stemness,L2_I1_LUM_F10,individual 1,luminal,4,18.5290393333
SRR7008621,-0.1096591893,0.0470087293,0.1566679186,Stemness,2,Moderate_Stemness,L2_I1_LUM_F11,individual 1,luminal,1,0.8059960929
SRR7008622,0.1276569074,0.1694505927,0.0417936853,Differentiation,3,High_Differentiation,L2_I1_LUM_F12,individual 1,luminal,8,29.4089048
SRR7008623,-0.2370156821,0.07406492,0.3110806021,Stemness,3,High_Stemness,L2_I1_LUM_G1,individual 1,luminal,5,1.3537023
SRR7008624,-0.3048636941,-0.0342980488,0.2705656453,Stemness,3,High_Stemness,L2_I1_LUM_G2,individual 1,luminal,8,26.1129681
SRR7008625,-0.2142306547,0.0438276149,0.2580582696,Stemness,3,High_Stemness,L2_I1_LUM_G3,individual 1,luminal,7,0.92035875
SRR7008626,-0.0429830365,0.1978894207,0.2408724572,Stemness,2,Moderate_Stemness,L2_I1_LUM_G4,individual 1,luminal,6,21.810241
SRR7008627,-0.079835944,0.3168294193,0.3966653633,Stemness,3,High_Stemness,L2_I1_LUM_G5,individual 1,luminal,6,0.7501828643
SRR7008628,-0.0015193773,0.2257665163,0.2272858936,Stemness,2,Moderate_Stemness,L2_I1_LUM_G6,individual 1,luminal,8,1.41065915
SRR7008629,0.0567649377,-0.1009630136,-0.1577279513,Differentiation,1,Low_Differentiation,L2_I1_LUM_G7,individual 1,luminal,6,22.4026
SRR7008630,0.0518714563,0.0397748556,-0.0120966007,Differentiation,3,High_Differentiation,L2_I1_LUM_G8,individual 1,luminal,9,11.103477
SRR7008631,0.0577650122,0.289241859,0.2314768468,Stemness,2,Moderate_Stemness,L2_I1_LUM_G9,individual 1,luminal,9,24.72618525
SRR7008632,0.0353907271,-0.0829434656,-0.1183341927,Differentiation,2,Moderate_Differentiation,L2_I1_LUM_G10,individual 1,luminal,13,2.6540259357
SRR7008633,-0.0198638297,0.1596561232,0.1795199529,Stemness,2,Moderate_Stemness,L2_I1_LUM_G11,individual 1,luminal,12,11.15560185
SRR7008634,0.2988293474,-0.1458291693,-0.4446585167,Differentiation,1,Low_Differentiation,L2_I1_LUM_G12,individual 1,luminal,6,11.4671783
SRR7008635,-0.296666976,0.0752194729,0.3718864489,Stemness,3,High_Stemness,L2_I1_LUM_H1,individual 1,luminal,11,10.7041284
SRR7008636,0.0581870273,0.1195758298,0.0613888025,Differentiation,3,High_Differentiation,L2_I1_LUM_H2,individual 1,luminal,10,15.99649425
SRR7008637,0.084166557,0.1990491181,0.1148825611,Stemness,1,Low_Stemness,L2_I1_LUM_H3,individual 1,luminal,4,0.4475719
SRR7008638,-0.2924104642,0.2137909344,0.5062013986,Stemness,3,High_Stemness,L2_I1_LUM_H4,individual 1,luminal,2,0.2154947929
SRR7008639,-0.0780856637,-0.0164641109,0.0616215528,Differentiation,3,High_Differentiation,L2_I1_LUM_H5,individual 1,luminal,11,19.9151304
SRR7008640,0.0375436858,0.271840416,0.2342967302,Stemness,2,Moderate_Stemness,L2_I1_LUM_H6,individual 1,luminal,7,28.306321
SRR7008641,-0.0580224985,0.1092997938,0.1673222923,Stemness,2,Moderate_Stemness,L2_I1_LUM_H7,individual 1,luminal,3,0.1477133643
SRR7008642,0.0215116261,0.0528259131,0.031314287,Differentiation,3,High_Differentiation,L2_I1_LUM_H8,individual 1,luminal,7,13.1379088
SRR7008643,0.0312869689,0.2011674625,0.1698804936,Stemness,2,Moderate_Stemness,L2_I1_LUM_H9,individual 1,luminal,12,34.1648818
SRR7008644,0.0118026272,0.0291897794,0.0173871522,Differentiation,3,High_Differentiation,L2_I1_LUM_H10,individual 1,luminal,4,0.7827777286
SRR7008645,-0.0038247092,0.1021453537,0.1059700629,Stemness,1,Low_Stemness,L2_I1_LUM_H11,individual 1,luminal,8,1.62071215
SRR7008646,-0.0070259755,0.1484143931,0.1554403686,Stemness,2,Moderate_Stemness,L2_I1_LUM_H12,individual 1,luminal,12,20.182467
SRR7008682,0.1595928367,0.2279703511,0.0683775144,Stemness,1,Low_Stemness,L4_I1_LUM_A1,individual 1,luminal,13,26.9425106
SRR7008684,-0.0247683956,0.0696607123,0.0944291079,Stemness,1,Low_Stemness,L4_I1_LUM_A3,individual 1,luminal,4,20.0965805
SRR7008685,-0.1109457249,0.1752927807,0.2862385056,Stemness,3,High_Stemness,L4_I1_LUM_A4,individual 1,luminal,9,33.59862906
SRR7008686,-0.2043310666,-0.2762963482,-0.0719652816,Differentiation,2,Moderate_Differentiation,L4_I1_LUM_A5,individual 1,luminal,13,16.50926848
SRR7008687,0.430841982,0.2196466367,-0.2111953453,Differentiation,1,Low_Differentiation,L4_I1_LUM_A6,individual 1,luminal,5,10.7159513
SRR7008688,-0.1882299152,-0.1708392762,0.017390639,Differentiation,3,High_Differentiation,L4_I1_LUM_A7,individual 1,luminal,8,20.05000645
SRR7008689,0.1264944233,0.1581398253,0.031645402,Differentiation,3,High_Differentiation,L4_I1_LUM_A8,individual 1,luminal,14,17.3898027
SRR7008691,-0.0694911913,-0.0705548866,-0.0010636953,Differentiation,3,High_Differentiation,L4_I1_LUM_A11,individual 1,luminal,3,0.4675465
SRR7008692,-0.0092657877,-0.057388201,-0.0481224133,Differentiation,2,Moderate_Differentiation,L4_I1_LUM_A12,individual 1,luminal,2,1.6142266214
SRR7008693,-0.1499207986,-0.3006807153,-0.1507599167,Differentiation,1,Low_Differentiation,L4_I1_LUM_B1,individual 1,luminal,13,27.1244955
SRR7008694,0.1199330734,0.2255708257,0.1056377523,Stemness,1,Low_Stemness,L4_I1_LUM_B2,individual 1,luminal,14,36.0279972
SRR7008695,-0.2052173282,0.0688497153,0.2740670435,Stemness,3,High_Stemness,L4_I1_LUM_B3,individual 1,luminal,5,1.0421464071
SRR7008696,0.0136728083,0.1769428242,0.1632700159,Stemness,2,Moderate_Stemness,L4_I1_LUM_B4,individual 1,luminal,13,22.159306
SRR7008697,-0.0695539229,-0.1467744288,-0.0772205059,Differentiation,2,Moderate_Differentiation,L4_I1_LUM_B5,individual 1,luminal,14,146.0525911
SRR7008698,-0.014418542,0.190197403,0.204615945,Stemness,2,Moderate_Stemness,L4_I1_LUM_B6,individual 1,luminal,14,11.5700669
SRR7008699,-0.0745440806,-0.0757664815,-0.00122240089999999,Differentiation,3,High_Differentiation,L4_I1_LUM_B7,individual 1,luminal,13,29.0236324
SRR7008700,-0.1216131957,-0.0271864848,0.0944267109,Stemness,1,Low_Stemness,L4_I1_LUM_B10,individual 1,luminal,13,25.3953385333
SRR7008701,0.0918350939,0.0040519198,-0.0877831741,Differentiation,2,Moderate_Differentiation,L4_I1_LUM_B11,individual 1,luminal,14,19.8796343333
SRR7008702,-0.0205269474,0.1083128475,0.1288397949,Stemness,1,Low_Stemness,L4_I1_LUM_B12,individual 1,luminal,7,12.0716793333
SRR7008703,0.1202684411,-0.3381625976,-0.4584310387,Differentiation,1,Low_Differentiation,L4_I1_LUM_C1,individual 1,luminal,7,35.582677
SRR7008704,0.2736418158,0.0822468695,-0.1913949463,Differentiation,1,Low_Differentiation,L4_I1_LUM_C4,individual 1,luminal,13,11.4437977
SRR7008705,0.2223422949,0.0212384439,-0.201103851,Differentiation,1,Low_Differentiation,L4_I1_LUM_C5,individual 1,luminal,14,20.95506055
SRR7008711,-0.0745004398,-0.2801715792,-0.2056711394,Differentiation,1,Low_Differentiation,L4_I1_LUM_D1,individual 1,luminal,14,10.6344534
SRR7008715,0.0922850493,0.1328985372,0.0406134879,Differentiation,3,High_Differentiation,L4_I1_LUM_D6,individual 1,luminal,11,24.94768332
SRR7008716,-0.1031979925,0.2823333876,0.3855313801,Stemness,3,High_Stemness,L4_I1_LUM_D7,individual 1,luminal,11,1.4394768814
SRR7008718,-0.1716494854,0.1073229445,0.2789724299,Stemness,3,High_Stemness,L4_I1_LUM_D10,individual 1,luminal,6,0.3671566957
SRR7008720,0.1904557667,-0.1808432794,-0.3712990461,Differentiation,1,Low_Differentiation,L4_I1_LUM_E1,individual 1,luminal,12,22.89366375
SRR7008721,-0.0710185762,-0.1293404328,-0.0583218566,Differentiation,2,Moderate_Differentiation,L4_I1_LUM_E2,individual 1,luminal,12,19.486829705
SRR7008722,-0.1699411501,-0.1322228497,0.0377183004,Differentiation,3,High_Differentiation,L4_I1_LUM_E3,individual 1,luminal,13,41.7024743
SRR7008723,-0.2033248771,-0.2459053366,-0.0425804595,Differentiation,2,Moderate_Differentiation,L4_I1_LUM_E5,individual 1,luminal,13,3.0170642071
SRR7008724,-0.0570284811,-0.2103210446,-0.1532925635,Differentiation,1,Low_Differentiation,L4_I1_LUM_E6,individual 1,luminal,14,31.54419785
SRR7008725,-0.1131405401,-0.0708047763,0.0423357638,Differentiation,3,High_Differentiation,L4_I1_LUM_E7,individual 1,luminal,8,0.5211992214
SRR7008726,-0.3008675282,-0.0908194736,0.2100480546,Stemness,2,Moderate_Stemness,L4_I1_LUM_E8,individual 1,luminal,11,10.5575852
SRR7008727,-0.2176603524,0.0043504648,0.2220108172,Stemness,2,Moderate_Stemness,L4_I1_LUM_E10,individual 1,luminal,11,18.7640259
SRR7008728,0.0624517355,0.1794502518,0.1169985163,Stemness,1,Low_Stemness,L4_I1_LUM_E11,individual 1,luminal,8,19.0472577233
SRR7008729,-0.2234424652,0.044152583,0.2675950482,Stemness,3,High_Stemness,L4_I1_LUM_E12,individual 1,luminal,6,0.2029159521
SRR7008730,-0.2144322191,-0.034170518,0.1802617011,Stemness,2,Moderate_Stemness,L4_I1_LUM_F1,individual 1,luminal,13,18.57376296
SRR7008731,-0.1332618105,0.0049178384,0.1381796489,Stemness,1,Low_Stemness,L4_I1_LUM_F2,individual 1,luminal,12,1.7269079293
SRR7008733,0.1144927361,0.0390079963,-0.0754847398,Differentiation,2,Moderate_Differentiation,L4_I1_LUM_F6,individual 1,luminal,11,13.6769853767
SRR7008734,-0.033462469,-0.0663407946,-0.0328783256,Differentiation,2,Moderate_Differentiation,L4_I1_LUM_F8,individual 1,luminal,13,13.3878176
SRR7008736,-0.1119443326,-0.0714237737,0.0405205589,Differentiation,3,High_Differentiation,L4_I1_LUM_F10,individual 1,luminal,5,11.3533198
SRR7008738,-0.0074697176,-0.1952675171,-0.1877977995,Differentiation,1,Low_Differentiation,L4_I1_LUM_G1,individual 1,luminal,7,155.4761485
SRR7008739,-0.0506707209,-0.015566171,0.0351045499,Differentiation,3,High_Differentiation,L4_I1_LUM_G2,individual 1,luminal,10,25.27790175
SRR7008741,-0.2514075057,-0.320560557,-0.0691530513,Differentiation,2,Moderate_Differentiation,L4_I1_LUM_G4,individual 1,luminal,2,0.05494215
SRR7008743,0.3096319466,-0.0020857603,-0.3117177069,Differentiation,1,Low_Differentiation,L4_I1_LUM_G6,individual 1,luminal,14,129.4311191
SRR7008744,-0.1960546956,0.0462154889,0.2422701845,Stemness,3,High_Stemness,L4_I1_LUM_G10,individual 1,luminal,2,0.0429605286
SRR7008746,0.0402096621,-0.0230617854,-0.0632714475,Differentiation,2,Moderate_Differentiation,L4_I1_LUM_H1,individual 1,luminal,10,29.5817055
SRR7008748,0.0925267609,-0.0244187528,-0.1169455137,Differentiation,2,Moderate_Differentiation,L4_I1_LUM_H5,individual 1,luminal,1,0.1913567143
SRR7008750,-0.097146608,-0.1879819554,-0.0908353474,Differentiation,2,Moderate_Differentiation,L4_I1_LUM_H10,individual 1,luminal,14,23.46543065
SRR7008751,-0.3735908703,-0.3438724243,0.029718446,Differentiation,3,High_Differentiation,L4_I1_LUM_H11,individual 1,luminal,9,0.3241559664
SRR7008752,-0.393069616,-0.2550231132,0.1380465028,Stemness,1,Low_Stemness,L4_I1_LUM_H12,individual 1,luminal,7,0.3506662143
SRR7008830,-0.3812107008,-0.1790668474,0.2021438534,Stemness,2,Moderate_Stemness,L2_I2_LUM_A2,individual 2,luminal,3,0.0886061643
SRR7008831,0.0029684528,-0.1443148903,-0.1472833431,Differentiation,1,Low_Differentiation,L2_I2_LUM_A3,individual 2,luminal,12,14.9693888
SRR7008832,0.0705002119,-0.1141767094,-0.1846769213,Differentiation,1,Low_Differentiation,L2_I2_LUM_A4,individual 2,luminal,11,27.6664892
SRR7008833,-0.1450482173,-0.1948738311,-0.0498256138,Differentiation,2,Moderate_Differentiation,L2_I2_LUM_A5,individual 2,luminal,10,0.9721998786
SRR7008834,0.0207394893,-0.272003925,-0.2927434143,Differentiation,1,Low_Differentiation,L2_I2_LUM_A6,individual 2,luminal,14,30.95312504
SRR7008835,-0.1650599017,-0.0024102551,0.1626496466,Stemness,2,Moderate_Stemness,L2_I2_LUM_A7,individual 2,luminal,13,13.91873995
SRR7008836,-0.0138924139,-0.0270998006,-0.0132073867,Differentiation,2,Moderate_Differentiation,L2_I2_LUM_A8,individual 2,luminal,13,32.540665725
SRR7008837,-0.0344011598,-0.0187993209,0.0156018389,Differentiation,3,High_Differentiation,L2_I2_LUM_A9,individual 2,luminal,10,14.7078333
SRR7008838,-0.2178249895,-0.3611361558,-0.1433111663,Differentiation,1,Low_Differentiation,L2_I2_LUM_A10,individual 2,luminal,11,10.760324
SRR7008839,-0.3830826412,-0.0767367306,0.3063459106,Stemness,3,High_Stemness,L2_I2_LUM_A11,individual 2,luminal,13,12.3843449
SRR7008840,-0.224667947,-0.3110196655,-0.0863517185,Differentiation,2,Moderate_Differentiation,L2_I2_LUM_A12,individual 2,luminal,14,31.1396855
SRR7008841,-0.215907185,-0.218251344,-0.00234415900000001,Differentiation,3,High_Differentiation,L2_I2_LUM_B1,individual 2,luminal,11,1.5178369929
SRR7008842,0.0013807065,0.0181176155,0.016736909,Differentiation,3,High_Differentiation,L2_I2_LUM_B2,individual 2,luminal,9,157.9894805
SRR7008843,-0.0852739905,0.244714253,0.3299882435,Stemness,3,High_Stemness,L2_I2_LUM_B3,individual 2,luminal,9,47.1480585
SRR7008844,-0.168857445,-0.1526228064,0.0162346386,Differentiation,3,High_Differentiation,L2_I2_LUM_B4,individual 2,luminal,12,22.159962725
SRR7008845,-0.3026066701,-0.0270830928,0.2755235773,Stemness,3,High_Stemness,L2_I2_LUM_B5,individual 2,luminal,12,13.8951888
SRR7008846,-0.036592377,0.2833571818,0.3199495588,Stemness,3,High_Stemness,L2_I2_LUM_B6,individual 2,luminal,10,127.7310817
SRR7008847,-0.3015617339,-0.0266189746,0.2749427593,Stemness,3,High_Stemness,L2_I2_LUM_B7,individual 2,luminal,11,19.6279849
SRR7008848,-0.0352278057,0.0320672575,0.0672950632,Stemness,1,Low_Stemness,L2_I2_LUM_B8,individual 2,luminal,14,23.08070126
SRR7008849,-0.2633715686,-0.0480440866,0.215327482,Stemness,2,Moderate_Stemness,L2_I2_LUM_B9,individual 2,luminal,13,14.8547991
SRR7008850,0.0239086644,0.0862605427,0.0623518783,Differentiation,3,High_Differentiation,L2_I2_LUM_B10,individual 2,luminal,8,16.2851540333
SRR7008851,-0.0257429919,-0.1172834523,-0.0915404604,Differentiation,2,Moderate_Differentiation,L2_I2_LUM_B11,individual 2,luminal,11,2.7098629929
SRR7008852,-0.2095344243,-0.0088466072,0.2006878171,Stemness,2,Moderate_Stemness,L2_I2_LUM_B12,individual 2,luminal,12,11.91351
SRR7008853,-0.2477795914,0.0279522683,0.2757318597,Stemness,3,High_Stemness,L2_I2_LUM_C1,individual 2,luminal,12,14.5701277
SRR7008854,-0.2986676396,-0.143600971,0.1550666686,Stemness,2,Moderate_Stemness,L2_I2_LUM_C2,individual 2,luminal,12,12.28188415
SRR7008855,-0.369429421,-0.1334935914,0.2359358296,Stemness,2,Moderate_Stemness,L2_I2_LUM_C3,individual 2,luminal,13,22.8022042
SRR7008856,-0.1672804461,-0.1763455026,-0.0090650565,Differentiation,3,High_Differentiation,L2_I2_LUM_C4,individual 2,luminal,6,34.74735045
SRR7008857,-0.2031308086,0.0645870847,0.2677178933,Stemness,3,High_Stemness,L2_I2_LUM_C5,individual 2,luminal,12,140.7259749
SRR7008859,-0.0293537914,-0.1438336201,-0.1144798287,Differentiation,2,Moderate_Differentiation,L2_I2_LUM_C7,individual 2,luminal,12,11.7084919
SRR7008860,-0.0937855509,-0.1206398198,-0.0268542689,Differentiation,2,Moderate_Differentiation,L2_I2_LUM_C8,individual 2,luminal,12,11.2236519
SRR7008861,-0.0832354369,-0.0454712588,0.0377641781,Differentiation,3,High_Differentiation,L2_I2_LUM_C9,individual 2,luminal,10,18.7024057
SRR7008862,-0.000702863,-0.123918357,-0.123215494,Differentiation,2,Moderate_Differentiation,L2_I2_LUM_C11,individual 2,luminal,13,18.3477527
SRR7008863,-0.2313237728,-0.2074489716,0.0238748012,Differentiation,3,High_Differentiation,L2_I2_LUM_C12,individual 2,luminal,13,12.0189540667
SRR7008864,0.0092758459,-0.2538364224,-0.2631122683,Differentiation,1,Low_Differentiation,L2_I2_LUM_D1,individual 2,luminal,7,0.6406750571
SRR7008865,-0.1937087348,-0.1415115883,0.0521971465,Differentiation,3,High_Differentiation,L2_I2_LUM_D2,individual 2,luminal,8,28.86671605
SRR7008866,-0.1717648984,-0.019384418,0.1523804804,Stemness,2,Moderate_Stemness,L2_I2_LUM_D3,individual 2,luminal,5,0.61843335
SRR7008867,-0.0222828341,-0.2086950479,-0.1864122138,Differentiation,1,Low_Differentiation,L2_I2_LUM_D4,individual 2,luminal,12,14.6824569667
SRR7008868,-0.1026605165,0.0865157808,0.1891762973,Stemness,2,Moderate_Stemness,L2_I2_LUM_D5,individual 2,luminal,6,135.2456797
SRR7008869,-0.2034779837,0.0734129067,0.2768908904,Stemness,3,High_Stemness,L2_I2_LUM_D6,individual 2,luminal,9,1.5447161357
SRR7008870,-0.3794768528,-0.1417462123,0.2377306405,Stemness,2,Moderate_Stemness,L2_I2_LUM_D7,individual 2,luminal,7,36.3700371333
SRR7008871,-0.0275082657,-0.2260536184,-0.1985453527,Differentiation,1,Low_Differentiation,L2_I2_LUM_D8,individual 2,luminal,11,20.9980571
SRR7008872,-0.0515723861,-0.0196828039,0.0318895822,Differentiation,3,High_Differentiation,L2_I2_LUM_D9,individual 2,luminal,7,20.249077
SRR7008873,0.0271775398,-0.1525590261,-0.1797365659,Differentiation,1,Low_Differentiation,L2_I2_LUM_D10,individual 2,luminal,14,19.8048479
SRR7008874,-0.3943081971,-0.0662113414,0.3280968557,Stemness,3,High_Stemness,L2_I2_LUM_D11,individual 2,luminal,14,19.0284294
SRR7008875,0.0653487877,-0.2652414236,-0.3305902113,Differentiation,1,Low_Differentiation,L2_I2_LUM_D12,individual 2,luminal,12,12.200095
SRR7008876,-0.0377717786,-0.0498020125,-0.0120302339,Differentiation,3,High_Differentiation,L2_I2_LUM_E1,individual 2,luminal,14,21.79954125
SRR7008877,-0.2795074438,-0.0454885344,0.2340189094,Stemness,2,Moderate_Stemness,L2_I2_LUM_E2,individual 2,luminal,8,1.7384234714
SRR7008878,-0.3243274122,-0.2156163002,0.108711112,Stemness,1,Low_Stemness,L2_I2_LUM_E3,individual 2,luminal,2,0.1097679929
SRR7008879,-0.2014261965,-0.0391827661,0.1622434304,Stemness,2,Moderate_Stemness,L2_I2_LUM_E4,individual 2,luminal,13,13.6062496
SRR7008880,-0.000287727,0.1719675587,0.1722552857,Stemness,2,Moderate_Stemness,L2_I2_LUM_E5,individual 2,luminal,12,3.819275
SRR7008881,-0.3746548005,0.1033490688,0.4780038693,Stemness,3,High_Stemness,L2_I2_LUM_E6,individual 2,luminal,10,15.9190701667
SRR7008882,-0.2910642492,0.0211320247,0.3121962739,Stemness,3,High_Stemness,L2_I2_LUM_E7,individual 2,luminal,11,1.52287915
SRR7008883,-0.2717301074,-0.1984226176,0.0733074898,Stemness,1,Low_Stemness,L2_I2_LUM_E8,individual 2,luminal,12,3.8331578429
SRR7008884,-0.4053433779,-0.0807461414,0.3245972365,Stemness,3,High_Stemness,L2_I2_LUM_E9,individual 2,luminal,12,26.6056536
SRR7008885,-0.2555693334,-0.0656408573,0.1899284761,Stemness,2,Moderate_Stemness,L2_I2_LUM_E10,individual 2,luminal,11,30.5647173
SRR7008886,0.0703883495,0.0642410427,-0.0061473068,Differentiation,3,High_Differentiation,L2_I2_LUM_E11,individual 2,luminal,11,17.16530045
SRR7008887,-0.1062724648,-0.1399522845,-0.0336798197,Differentiation,2,Moderate_Differentiation,L2_I2_LUM_E12,individual 2,luminal,9,11.3233861
SRR7008888,-0.2994771082,-0.1704431841,0.1290339241,Stemness,1,Low_Stemness,L2_I2_LUM_F2,individual 2,luminal,13,11.88830625
SRR7008889,-0.1015520694,0.0743177464,0.1758698158,Stemness,2,Moderate_Stemness,L2_I2_LUM_F4,individual 2,luminal,14,14.22250025
SRR7008890,0.1573642546,-0.2501357885,-0.4075000431,Differentiation,1,Low_Differentiation,L2_I2_LUM_F5,individual 2,luminal,13,17.542085475
SRR7008891,-0.1423083731,0.0021763475,0.1444847206,Stemness,1,Low_Stemness,L2_I2_LUM_F6,individual 2,luminal,9,1.7655483643
SRR7008892,-0.1397597923,0.0228376759,0.1625974682,Stemness,2,Moderate_Stemness,L2_I2_LUM_F8,individual 2,luminal,9,2.4842007357
SRR7008893,-0.4599267962,0.1884481999,0.6483749961,Stemness,3,High_Stemness,L2_I2_LUM_F10,individual 2,luminal,11,18.1876204
SRR7008894,-0.0025976583,0.0660376604,0.0686353187,Stemness,1,Low_Stemness,L2_I2_LUM_F11,individual 2,luminal,11,11.0771219333
SRR7008895,-0.3805347944,-0.1053002843,0.2752345101,Stemness,3,High_Stemness,L2_I2_LUM_F12,individual 2,luminal,13,32.4642025
SRR7008896,-0.3143541641,-0.2242828562,0.0900713079,Stemness,1,Low_Stemness,L2_I2_LUM_G1,individual 2,luminal,12,21.13558
SRR7008897,0.0159930239,0.1835788403,0.1675858164,Stemness,2,Moderate_Stemness,L2_I2_LUM_G2,individual 2,luminal,13,12.37689315
SRR7008898,-0.1754799954,-0.0464160387,0.1290639567,Stemness,1,Low_Stemness,L2_I2_LUM_G4,individual 2,luminal,13,28.3562747833
SRR7008899,0.0895256831,0.0585183082,-0.0310073749,Differentiation,2,Moderate_Differentiation,L2_I2_LUM_G5,individual 2,luminal,11,14.39048725
SRR7008900,-0.1792194935,-0.0268760853,0.1523434082,Stemness,2,Moderate_Stemness,L2_I2_LUM_G6,individual 2,luminal,10,11.0168915
SRR7008901,-0.0707675162,-0.117219351,-0.0464518348,Differentiation,2,Moderate_Differentiation,L2_I2_LUM_G7,individual 2,luminal,13,19.5263166
SRR7008902,-0.1589825321,0.2115981017,0.3705806338,Stemness,3,High_Stemness,L2_I2_LUM_G9,individual 2,luminal,12,45.2651500667
SRR7008903,-0.0856277037,-0.2005408674,-0.1149131637,Differentiation,2,Moderate_Differentiation,L2_I2_LUM_G10,individual 2,luminal,10,1.9279250786
SRR7008904,-0.0183358591,-0.1617545641,-0.143418705,Differentiation,1,Low_Differentiation,L2_I2_LUM_H1,individual 2,luminal,8,17.8338215333
SRR7008905,-0.1682233962,0.1812588454,0.3494822416,Stemness,3,High_Stemness,L2_I2_LUM_H2,individual 2,luminal,11,21.1789908
SRR7008906,-0.2414100573,-0.1992321299,0.0421779274,Differentiation,3,High_Differentiation,L2_I2_LUM_H3,individual 2,luminal,2,0.0478817429
SRR7008907,-0.1141012508,-0.0582218408,0.05587941,Differentiation,3,High_Differentiation,L2_I2_LUM_H4,individual 2,luminal,14,11.59748495
SRR7008908,-0.2990268342,-0.2631813415,0.0358454927,Differentiation,3,High_Differentiation,L2_I2_LUM_H5,individual 2,luminal,7,2.1739088
SRR7008909,-0.0987173303,-0.1706514116,-0.0719340813,Differentiation,2,Moderate_Differentiation,L2_I2_LUM_H6,individual 2,luminal,12,2.2535878929
SRR7008910,-0.2040806363,0.0740551643,0.2781358006,Stemness,3,High_Stemness,L2_I2_LUM_H7,individual 2,luminal,1,146.7099
SRR7008911,-0.2321020576,-0.2551156186,-0.023013561,Differentiation,2,Moderate_Differentiation,L2_I2_LUM_H8,individual 2,luminal,2,0.0875300429
SRR7008912,-0.1841559381,-0.029986668,0.1541692701,Stemness,2,Moderate_Stemness,L2_I2_LUM_H9,individual 2,luminal,2,44.30680665
SRR7008913,-0.2262163494,-0.2122494734,0.013966876,Differentiation,3,High_Differentiation,L2_I2_LUM_H10,individual 2,luminal,14,20.155921275
SRR7008914,-0.4365726553,-0.0946517362,0.3419209191,Stemness,3,High_Stemness,L2_I2_LUM_H11,individual 2,luminal,9,11.9291805
SRR7008915,-0.1129001824,-0.2770264763,-0.1641262939,Differentiation,1,Low_Differentiation,L2_I2_LUM_H12,individual 2,luminal,10,0.9695335286
SRR7010626,0.0598199724,-0.0619452784,-0.1217652508,Differentiation,2,Moderate_Differentiation,L2_I3_LUM_A1,individual 3,luminal,12,14.0525779
SRR7010627,-0.0090950636,0.2247101462,0.2338052098,Stemness,2,Moderate_Stemness,L2_I3_LUM_A2,individual 3,luminal,13,14.62659105
SRR7010628,-0.2092354269,0.0880156643,0.2972510912,Stemness,3,High_Stemness,L2_I3_LUM_A4,individual 3,luminal,14,18.1928257667
SRR7010629,-0.000637452,0.1765907276,0.1772281796,Stemness,2,Moderate_Stemness,L2_I3_LUM_A5,individual 3,luminal,14,23.5020261667
SRR7010630,0.1211215077,0.0494105117,-0.071710996,Differentiation,2,Moderate_Differentiation,L2_I3_LUM_A6,individual 3,luminal,9,10.645133
SRR7010631,0.0152683521,-0.2722379381,-0.2875062902,Differentiation,1,Low_Differentiation,L2_I3_LUM_A8,individual 3,luminal,13,26.9215682571
SRR7010632,0.0432409203,-0.1285602087,-0.171801129,Differentiation,1,Low_Differentiation,L2_I3_LUM_A9,individual 3,luminal,14,17.05275875
SRR7010633,-0.1489884959,0.1421688877,0.2911573836,Stemness,3,High_Stemness,L2_I3_LUM_A10,individual 3,luminal,9,10.0060185
SRR7010634,-0.0510698082,0.1543389039,0.2054087121,Stemness,2,Moderate_Stemness,L2_I3_LUM_A11,individual 3,luminal,14,31.7387451667
SRR7010635,-0.2668825315,0.0434344435,0.310316975,Stemness,3,High_Stemness,L2_I3_LUM_A12,individual 3,luminal,14,35.615931125
SRR7010636,-0.022163025,-0.1813721011,-0.1592090761,Differentiation,1,Low_Differentiation,L2_I3_LUM_B1,individual 3,luminal,8,0.2354735543
SRR7010637,-0.0328857486,0.0430046277,0.0758903763,Stemness,1,Low_Stemness,L2_I3_LUM_B2,individual 3,luminal,13,23.1744518667
SRR7010638,-0.1288985099,0.1619017773,0.2908002872,Stemness,3,High_Stemness,L2_I3_LUM_B4,individual 3,luminal,14,15.42071485
SRR7010639,-0.1388342897,0.2720964595,0.4109307492,Stemness,3,High_Stemness,L2_I3_LUM_B5,individual 3,luminal,13,13.80835335
SRR7010640,-0.0936546107,0.1025958323,0.196250443,Stemness,2,Moderate_Stemness,L2_I3_LUM_B6,individual 3,luminal,13,14.8703575
SRR7010641,-0.0580328013,0.2980014221,0.3560342234,Stemness,3,High_Stemness,L2_I3_LUM_B7,individual 3,luminal,14,17.4922582333
SRR7010642,-0.1193955779,0.0212801331,0.140675711,Stemness,1,Low_Stemness,L2_I3_LUM_B8,individual 3,luminal,9,14.35441514
SRR7010643,-0.0790033582,0.0983291475,0.1773325057,Stemness,2,Moderate_Stemness,L2_I3_LUM_B9,individual 3,luminal,13,144.2600453
SRR7010644,0.0700584125,0.2224317043,0.1523732918,Stemness,2,Moderate_Stemness,L2_I3_LUM_B10,individual 3,luminal,10,1.2812068286
SRR7010645,-0.1338377204,-0.027610317,0.1062274034,Stemness,1,Low_Stemness,L2_I3_LUM_B11,individual 3,luminal,14,17.49159905
SRR7010646,-0.1449804994,0.0889046664,0.2338851658,Stemness,2,Moderate_Stemness,L2_I3_LUM_B12,individual 3,luminal,14,14.6644265
SRR7010647,-0.0650789766,-0.1876611547,-0.1225821781,Differentiation,2,Moderate_Differentiation,L2_I3_LUM_C1,individual 3,luminal,12,25.60515415
SRR7010648,-0.047358806,-0.0605099142,-0.0131511082,Differentiation,2,Moderate_Differentiation,L2_I3_LUM_C2,individual 3,luminal,14,18.0392050333
SRR7010649,-0.0621343667,-0.0411995488,0.0209348179,Differentiation,3,High_Differentiation,L2_I3_LUM_C3,individual 3,luminal,11,46.7155463
SRR7010650,-0.0730789612,0.0707084697,0.1437874309,Stemness,1,Low_Stemness,L2_I3_LUM_C4,individual 3,luminal,12,10.7190436
SRR7010651,0.0214709037,-0.0264518424,-0.0479227461,Differentiation,2,Moderate_Differentiation,L2_I3_LUM_C5,individual 3,luminal,14,28.290091
SRR7010652,-0.2351368437,0.1082203604,0.3433572041,Stemness,3,High_Stemness,L2_I3_LUM_C6,individual 3,luminal,12,2.5113909714
SRR7010653,-0.2989589416,-0.0577100561,0.2412488855,Stemness,3,High_Stemness,L2_I3_LUM_C7,individual 3,luminal,12,3.1121493571
SRR7010654,-0.0517643326,-0.0200560842,0.0317082484,Differentiation,3,High_Differentiation,L2_I3_LUM_C8,individual 3,luminal,13,41.96368236
SRR7010655,0.1609306669,0.1549868686,-0.0059437983,Differentiation,3,High_Differentiation,L2_I3_LUM_C9,individual 3,luminal,14,326.5722162
SRR7010656,-0.099716159,-0.1216403286,-0.0219241696,Differentiation,2,Moderate_Differentiation,L2_I3_LUM_C10,individual 3,luminal,14,13.6332541
SRR7010657,0.0034380944,0.0235061191,0.0200680247,Differentiation,3,High_Differentiation,L2_I3_LUM_C11,individual 3,luminal,14,26.686475625
SRR7010658,-0.0862964008,0.0988983869,0.1851947877,Stemness,2,Moderate_Stemness,L2_I3_LUM_C12,individual 3,luminal,13,21.5450947
SRR7010659,0.1706021453,0.0283441248,-0.1422580205,Differentiation,1,Low_Differentiation,L2_I3_LUM_D1,individual 3,luminal,14,20.3302205
SRR7010660,-0.1851276582,-0.1720455813,0.0130820769,Differentiation,3,High_Differentiation,L2_I3_LUM_D2,individual 3,luminal,14,28.55514685
SRR7010661,-0.1228398057,0.0236028719,0.1464426776,Stemness,1,Low_Stemness,L2_I3_LUM_D3,individual 3,luminal,12,30.60840054
SRR7010662,-0.2724437729,0.0381783261,0.310622099,Stemness,3,High_Stemness,L2_I3_LUM_D4,individual 3,luminal,12,30.5049918
SRR7010663,-0.1160042134,0.1820576052,0.2980618186,Stemness,3,High_Stemness,L2_I3_LUM_D5,individual 3,luminal,12,2.10184035
SRR7010664,-0.108043859,0.0298896755,0.1379335345,Stemness,1,Low_Stemness,L2_I3_LUM_D6,individual 3,luminal,14,21.071414
SRR7010665,-0.0488904402,0.1016697792,0.1505602194,Stemness,2,Moderate_Stemness,L2_I3_LUM_D7,individual 3,luminal,11,15.5762903
SRR7010666,-0.0023590487,0.1310955187,0.1334545674,Stemness,1,Low_Stemness,L2_I3_LUM_D8,individual 3,luminal,14,2.4136508457
SRR7010667,-0.2052352228,0.1472597305,0.3524949533,Stemness,3,High_Stemness,L2_I3_LUM_D10,individual 3,luminal,13,2.6640706886
SRR7010668,-0.1003306455,0.2909520017,0.3912826472,Stemness,3,High_Stemness,L2_I3_LUM_D11,individual 3,luminal,13,27.552838
SRR7010669,0.1196092282,0.0021689096,-0.1174403186,Differentiation,2,Moderate_Differentiation,L2_I3_LUM_D12,individual 3,luminal,13,56.10424835
SRR7010670,0.0180139894,-0.1029905082,-0.1210044976,Differentiation,2,Moderate_Differentiation,L2_I3_LUM_E1,individual 3,luminal,14,40.3457579
SRR7010671,-0.327380791,-0.2685484181,0.0588323729,Differentiation,3,High_Differentiation,L2_I3_LUM_E3,individual 3,luminal,12,52.61666845
SRR7010672,-0.1434348137,0.2439971579,0.3874319716,Stemness,3,High_Stemness,L2_I3_LUM_E4,individual 3,luminal,13,23.47886836
SRR7010673,-0.1252149965,0.1717952211,0.2970102176,Stemness,3,High_Stemness,L2_I3_LUM_E5,individual 3,luminal,7,0.2070511857
SRR7010674,-0.2376490416,0.1253245225,0.3629735641,Stemness,3,High_Stemness,L2_I3_LUM_E7,individual 3,luminal,13,21.38709
SRR7010675,-0.0430062451,0.2641136205,0.3071198656,Stemness,3,High_Stemness,L2_I3_LUM_E9,individual 3,luminal,11,1.9201347786
SRR7010676,-0.0263119611,0.3758807474,0.4021927085,Stemness,3,High_Stemness,L2_I3_LUM_E10,individual 3,luminal,13,30.6135959
SRR7010677,0.0503979733,-0.043322991,-0.0937209643,Differentiation,2,Moderate_Differentiation,L2_I3_LUM_E11,individual 3,luminal,12,10.5924742
SRR7010678,-0.0804831136,-0.0006893636,0.07979375,Stemness,1,Low_Stemness,L2_I3_LUM_F1,individual 3,luminal,13,3.2566624286
SRR7010679,-0.0781643031,-0.2520654752,-0.1739011721,Differentiation,1,Low_Differentiation,L2_I3_LUM_F2,individual 3,luminal,14,34.6576053625
SRR7010680,-0.0150799834,0.0408756411,0.0559556245,Differentiation,3,High_Differentiation,L2_I3_LUM_F4,individual 3,luminal,14,15.46789654
SRR7010681,-0.2526318092,0.1998838113,0.4525156205,Stemness,3,High_Stemness,L2_I3_LUM_F5,individual 3,luminal,14,20.7376198
SRR7010682,0.0348602128,0.351522738,0.3166625252,Stemness,3,High_Stemness,L2_I3_LUM_F6,individual 3,luminal,14,32.59717205
SRR7010683,-0.1535718411,-0.1218636768,0.0317081643,Differentiation,3,High_Differentiation,L2_I3_LUM_F7,individual 3,luminal,14,28.1669771667
SRR7010684,-0.3260690591,-0.1878905026,0.1381785565,Stemness,1,Low_Stemness,L2_I3_LUM_F8,individual 3,luminal,11,12.061066025
SRR7010685,-0.0622167961,0.1580238487,0.2202406448,Stemness,2,Moderate_Stemness,L2_I3_LUM_F9,individual 3,luminal,14,10.7329823
SRR7010686,-0.0703506664,0.1432868458,0.2136375122,Stemness,2,Moderate_Stemness,L2_I3_LUM_F10,individual 3,luminal,11,13.63580515
SRR7010687,-0.0352094765,0.0680656546,0.1032751311,Stemness,1,Low_Stemness,L2_I3_LUM_F11,individual 3,luminal,13,21.1931387
SRR7010688,0.0705641636,0.2069470985,0.1363829349,Stemness,1,Low_Stemness,L2_I3_LUM_F12,individual 3,luminal,14,23.55868995
SRR7010689,0.0715899899,-0.1416963031,-0.213286293,Differentiation,1,Low_Differentiation,L2_I3_LUM_G1,individual 3,luminal,11,3.0536820429
SRR7010690,-0.0091719111,0.0340306016,0.0432025127,Differentiation,3,High_Differentiation,L2_I3_LUM_G2,individual 3,luminal,12,57.1395128
SRR7010691,-0.175871027,0.1504163407,0.3262873677,Stemness,3,High_Stemness,L2_I3_LUM_G3,individual 3,luminal,12,16.87626494
SRR7010692,0.1029773453,0.2945061222,0.1915287769,Stemness,2,Moderate_Stemness,L2_I3_LUM_G4,individual 3,luminal,9,14.5590004
SRR7010693,0.0828376494,0.1566777956,0.0738401462,Stemness,1,Low_Stemness,L2_I3_LUM_G5,individual 3,luminal,12,1.0559452529
SRR7010694,-0.1066620386,0.2434470884,0.350109127,Stemness,3,High_Stemness,L2_I3_LUM_G6,individual 3,luminal,9,1.5860098786
SRR7010695,0.0457829373,0.2368997772,0.1911168399,Stemness,2,Moderate_Stemness,L2_I3_LUM_G7,individual 3,luminal,11,1.1537846857
SRR7010696,-0.045496899,0.1041296228,0.1496265218,Stemness,2,Moderate_Stemness,L2_I3_LUM_G10,individual 3,luminal,14,14.6440817
SRR7010697,0.2022594416,0.2559476432,0.0536882016,Differentiation,3,High_Differentiation,L2_I3_LUM_G11,individual 3,luminal,12,1.2772330221
SRR7010698,-0.1136153904,0.0539648925,0.1675802829,Stemness,2,Moderate_Stemness,L2_I3_LUM_G12,individual 3,luminal,14,17.48825148
SRR7010699,-0.1194335464,0.1142165953,0.2336501417,Stemness,2,Moderate_Stemness,L2_I3_LUM_H1,individual 3,luminal,13,16.7901617
SRR7010700,-0.0435682971,-0.0487189238,-0.0051506267,Differentiation,3,High_Differentiation,L2_I3_LUM_H3,individual 3,luminal,13,11.6164198
SRR7010701,-0.0399818958,0.0647476095,0.1047295053,Stemness,1,Low_Stemness,L2_I3_LUM_H4,individual 3,luminal,14,15.35950892
SRR7010702,-0.193717433,0.1358470712,0.3295645042,Stemness,3,High_Stemness,L2_I3_LUM_H5,individual 3,luminal,14,12.6754909
SRR7010703,-0.144659936,0.2729979395,0.4176578755,Stemness,3,High_Stemness,L2_I3_LUM_H6,individual 3,luminal,14,14.0670112
SRR7010704,0.1166702217,0.1406929249,0.0240227032,Differentiation,3,High_Differentiation,L2_I3_LUM_H7,individual 3,luminal,14,19.910151925
SRR7010705,0.0563116631,0.0691550234,0.0128433603,Differentiation,3,High_Differentiation,L2_I3_LUM_H10,individual 3,luminal,13,153.592731
